create_client_db,2026-05-31 21:04:17
create_client_db,2026-05-31 21:11:59
delete_client_db,2026-06-04 17:56:49
delete_client_ui,2026-06-04 17:56:49
create_client_db,2026-06-04 18:24:59
add_vehicle,2026-06-04 18:26:59
add_vehicle,2026-06-04 18:26:59
add_vehicle,2026-06-04 18:26:59
add_vehicle,2026-06-04 18:26:59
add_vehicle,2026-06-04 18:29:41
add_vehicle,2026-06-04 18:29:41
add_vehicle,2026-06-04 18:29:41
add_vehicle,2026-06-04 18:29:41
create_client_db,2026-06-04 18:30:11
add_vehicle,2026-06-04 18:30:12
add_vehicle,2026-06-04 18:30:12
add_vehicle,2026-06-04 18:30:13
add_vehicle,2026-06-04 18:30:13
add_vehicle,2026-06-04 18:30:13
add_vehicle,2026-06-04 18:30:13
add_vehicle,2026-06-04 18:31:18
add_vehicle,2026-06-04 18:31:18
add_vehicle,2026-06-04 18:31:18
add_vehicle,2026-06-04 18:31:18
